Filename,EdgeDensity
real/10euroReal.png,0.04497032341160288
real/200euroReal.png,0.22412936601743838
real/20euroReal.png,0.15816564282604023
real/50euroReal.png,0.18023322610294118
real/5euroReal.png,0.12876858259643728
fake/100euroFake.png,0.07360376249265138
fake/10euroFake.png,0.15261570215130588
fake/200euroFake.png,0.1534897534897535
fake/20euroFake.png,0.22862712336396546
fake/50euroFake.png,0.18347862183478622
fake/5euroFake.png,0.09689356315123186
