Filename,EdgeDensity
real/10euroReal.png,0.4452795693464019
real/200euroReal.png,0.881871284923857
real/20euroReal.png,0.5968470656025563
real/50euroReal.png,0.5205250459558823
real/5euroReal.png,0.41804834678969627
fake/100euroFake.png,0.7409758965314521
fake/10euroFake.png,0.8721124077161229
fake/200euroFake.png,0.7455895455895456
fake/20euroFake.png,0.8961988304093568
fake/50euroFake.png,0.8768255405864372
fake/5euroFake.png,0.6323887428181907
