Filename,EdgeDensity
real/10euroReal.png,0.005209205631258259
real/200euroReal.png,0.026500162735323844
real/20euroReal.png,0.020573030630095784
real/50euroReal.png,0.011780503216911764
real/5euroReal.png,0.028778995258234012
fake/100euroFake.png,0.013815402704291593
fake/10euroFake.png,0.03584186711121696
fake/200euroFake.png,0.05736560736560736
fake/20euroFake.png,0.08239348370927319
fake/50euroFake.png,0.041246839503377486
fake/5euroFake.png,0.055448437043529065
